﻿<?xml version="1.0" encoding="UTF-8"?>
<!DOCTYPE RedAlquiler SYSTEM "Entregable.dtd">

<RedAlquiler cif="A12345678" nombre="Nombre compania">
  <Sucursal cantidadTotalVehiculos="345" direccion="C/ sucursal 1, numero 1">
    <Vehiculo idVehiculo="Co1000">
      <Estado ocupado="No"/>
      <Tipo>Coche</Tipo>
      <Marca>MarcaDeCoche</Marca>
      <Modelo>ModeloDeCoche</Modelo>
      <FechaMatriculacion ano="2017" mes="Enero" dia="1"/>
      <Kilometraje>210000</Kilometraje>
      <Matricula>1234ABC</Matricula>
      <Potencia unidades="cv">100</Potencia>
      <Peso>1450</Peso>
      <PrecioDia moneda="euros">100</PrecioDia>
      <Descripcion>Este modelo en concreto viene equipado con la tecnologia S&amp;S (Start and Stop) 
      que apaga el motor cuando nos detenemos para ahorar combustible y evitar contaminar innecesariamente</Descripcion>
    </Vehiculo>
    
    <Vehiculo idVehiculo="Fu1000">
      <Estado ocupado="No"/>
      <Tipo>Furgoneta</Tipo>
      <Marca>MarcaDeFurgoneta</Marca>
      <Modelo>ModeloDeFurgoneta</Modelo>
      <FechaMatriculacion ano="2018" mes="Febrero" dia="10"/>
      <Kilometraje>167548</Kilometraje>
      <Matricula>2346JGF</Matricula>
      <Potencia unidades="cv">150</Potencia>
      <Peso unidades="kg">1750</Peso>
      <PrecioDia moneda="euros">100</PrecioDia>
      <Descripcion>Breve descripcion del vehiculo</Descripcion>
    </Vehiculo>
    
    <Vehiculo idVehiculo="Ca1000">
      <Estado ocupado="No"/>
      <Tipo>Caravana</Tipo>
      <Marca>MarcaDeCaravana</Marca>
      <Modelo>ModeloDeCaravana</Modelo>
      <FechaMatriculacion ano="2019" mes="Enero" dia="1"/>
      <Kilometraje>50000</Kilometraje>
      <Matricula>9012GHI</Matricula>
      <Potencia unidades="cv">200</Potencia>
      <Peso>3500</Peso>
      <PrecioDia moneda="euros">100</PrecioDia>
      <Descripcion>Breve descripcion del vehiculo</Descripcion>
    </Vehiculo>
  </Sucursal>
  
<Sucursal cantidadTotalVehiculos="345" direccion="C/ sucursal 2 , numero 2">
    <Vehiculo idVehiculo="Co2000">
      <Estado ocupado="No"/>
      <Tipo>Coche</Tipo>
      <Marca>MarcaDeCoche</Marca>
      <Modelo>ModeloDeCoche</Modelo>
      <FechaMatriculacion ano="2023" mes="Enero" dia="1"/>
      <Kilometraje>210000</Kilometraje>
      <Matricula>1234ABC</Matricula>
      <Potencia unidades="cv">100</Potencia>
      <Peso>1450</Peso>
      <PrecioDia moneda="euros">100</PrecioDia>
      <Descripcion>Este modelo en concreto viene equipado con la tecnologia S&amp;S (Start and Stop) 
      que apaga el motor cuando nos detenemos para ahorar combustible y evitar contaminar innecesariamente</Descripcion>
    </Vehiculo>
    
    <Vehiculo idVehiculo="Fu2000">
      <Estado ocupado="No"/>
      <Tipo>Furgoneta</Tipo>
      <Marca>MarcaDeFurgoneta</Marca>
      <Modelo>ModeloDeFurgoneta</Modelo>
      <FechaMatriculacion ano="2023" mes="Febrero" dia="10"/>
      <Kilometraje>167548</Kilometraje>
      <Matricula>2346JGF</Matricula>
      <Potencia unidades="cv">150</Potencia>
      <Peso>1750</Peso>
      <PrecioDia moneda="euros">100</PrecioDia>
      <Descripcion>Breve descripcion del vehiculo</Descripcion>
    </Vehiculo>
    
    <Vehiculo idVehiculo="Ca2000">
    <Estado ocupado="Si"/>
      <Tipo>Caravana</Tipo>
      <Marca>MarcaDeCaravana</Marca>
      <Modelo>ModeloDeCaravana</Modelo>
      <FechaMatriculacion ano="2023" mes="Enero" dia="1"/>
      <Kilometraje>50000</Kilometraje>
      <Matricula>9012GHI</Matricula>
      <Potencia unidades="cv">200</Potencia>
      <Peso>3500</Peso>
      <PrecioDia moneda="euros">100</PrecioDia>
      <Descripcion>Breve descripcion del vehiculo</Descripcion>
    </Vehiculo>
  </Sucursal>

  <Clientes cantidadTotalClientes="543">
    <Cliente idCliente="CL1001">
      <Nombre>nombrecliente1</Nombre>
      <Apellidos>Apellido1 Apellido2</Apellidos>
      <Tfno>111111111</Tfno>
      <Correo>correo@cliente1.com</Correo>
      <FechaNacimiento ano="1993" mes="Enero" dia="1"/>
      <Activo>
        <Alquiler>
          <VehiculoAlquilado idVehiculo="Ca2000"/>
          <Inicio ano="2023" mes="Agosto" dia="22"/>
          <Fin ano="2023" mes="Agosto" dia="25"/>
        </Alquiler>
      </Activo>
    </Cliente>
    
    <Cliente idCliente="CL2002">
      <Nombre>nombrecliente2</Nombre>
      <Apellidos>Apellido1 Apellido2</Apellidos>
      <Tfno>222222222</Tfno>
      <Correo>correo@cliente2.com</Correo>
      <FechaNacimiento ano="1993" mes="Enero" dia="1"/>
      <Completado>
        <Alquiler>
          <VehiculoAlquilado idVehiculo="Fu1000"/>
          <Inicio ano="2023" mes="Agosto" dia="22"/>
          <Fin ano="2023" mes="Agosto" dia="25"/>
        </Alquiler>
        <Alquiler>
          <VehiculoAlquilado idVehiculo="Fu2000"/>
          <Inicio ano="2023" mes="Agosto" dia="22"/>
          <Fin ano="2023" mes="Agosto" dia="25"/>
        </Alquiler>
      </Completado>
    </Cliente>
  </Clientes>
</RedAlquiler>

    <!-- Preguntar como usar regExp para comprobar la matricula, el formato, NNNN-LLL -->